segment_id,run_id,segment_name,segment_role,segment_source,segment_hours,segment_analyzable,segment_seal_state,primary_task,secondary_tasks,static_bucket,final_assessment_v1,raw_label_v1,raw_confidence_v1,prototype_margin_v1,transition_bucket,transition_recommended_use,weak_positive_support_score_v2,breathing_suppression_score_v2,confound_reject_score_v2,support_status_v2,support_risk_v2,support_reason_v2,needs_review_v2,best_lag_level_hum,corr_headroom_in_hum,corr_out_hum_in_hum,late_rh_gain_per_out,max_corr_level_hum,best_lag_rh_h,early_ah_resp_ratio,best_lag_dew_h,corr_dew_gap_in_dew,dew_gap_area_pos,end_start_dAH,headroom_gain_ratio,late_minus_early_rh_gain,max_corr_level_ah,max_corr_level_dew,ah_neg_response_ratio,dew_headroom_capture_ratio,dew_neg_response_ratio,best_lag_h,positive_ah_response_ratio,ah_gap_area_pos,corr_headroom_AH_in,corr_out_dew_in_dew,delta_half_dAH,delta_half_in_h,early_rh_gain_per_out,headroom_area_pos,max_corr_dew_change,slope_dAH_per_h,vpd_in_mean,late_ah_resp_ratio,max_corr_dAH_change,max_corr_outRH_inRH_change,ah_ingress_r2,ah_ingress_slope,dew_ingress_r2,dew_ingress_slope,ah_gap_q90,best_lag_level_ah,best_lag_level_dew,corr_out_AH_in_AH,mean_dT,positive_drive_ratio,vpd_gap_mean,early_dew_gain_per_out,gain_ratio_dAH_change,amp_in_hum_p90_p10,dew_gap_mean,dew_gap_q90,late_ah_decay_per_headroom,late_minus_early_vpd_gap,mean_dAH,slope_in_h_per_h,std_in_hum_run,ah_pos_gain_per_area,dew_pos_gain_per_area,late_dew_gain_per_out,amp_AH_in_p90_p10,amp_dew_in_p90_p10,amp_headroom_p90_p10,std_AH_in_run,std_dew_in_run,late_minus_early_dew_gain,predicted_memory_role_v2,anomaly_advantage_v2,health_only_risk_v2,distance_health_core,distance_anomaly_reference,distance_hard_negative,guard_feature_score_v3,support_status_v3,support_risk_v3,support_reason_v3,needs_review_v3
120165518_20260308-104441_sealed_extEq_intEq_noHeat_noChange_na::full,120165518_20260308-104441_sealed_extEq_intEq_noHeat_noChange_na,full,balanced_control,full_run,119.26722222222222,True,sealed,control_challenge,,,,,,,,,,,,control_challenge_support,none,segment belongs to the control/challenge pool and is used to constrain false positives,False,,,,,,,,,,,,,,,,,,,,,,,,,,,,,,,,,,,,,,,,,,,,,,,,,,,,,,,,,,,,,,,,,,,,,,,control_challenge_support,none,segment belongs to the control/challenge pool and is used to constrain false positives,False
120165520_20260315-140001_unsealed_extEq_intEq_noHeat_noChange_na::full,120165520_20260315-140001_unsealed_extEq_intEq_noHeat_noChange_na,full,balanced_control,full_run,48.99944444444444,True,unsealed,control_challenge,,,,,,,,,,,,control_challenge_support,none,segment belongs to the control/challenge pool and is used to constrain false positives,False,,,,,,,,,,,,,,,,,,,,,,,,,,,,,,,,,,,,,,,,,,,,,,,,,,,,,,,,,,,,,,,,,,,,,,,control_challenge_support,none,segment belongs to the control/challenge pool and is used to constrain false positives,False
120165520_20260318-000055_sealed_extEq_intEq_noHeat_Change_20260318-0903_Heat::post_change,120165520_20260318-000055_sealed_extEq_intEq_noHeat_Change_20260318-0903_Heat,post_change,balanced_control,heat_on,29.93888888888889,True,sealed,control_challenge,,,,,,,,,,,,control_challenge_support,none,segment belongs to the control/challenge pool and is used to constrain false positives,False,,,,,,,,,,,,,,,,,,,,,,,,,,,,,,,,,,,,,,,,,,,,,,,,,,,,,,,,,,,,,,,,,,,,,,,control_challenge_support,none,segment belongs to the control/challenge pool and is used to constrain false positives,False
120165520_20260324_080048_sealed_extEq_intEq_Heat_Change_20260324-2207_noHeat::post_change,120165520_20260324_080048_sealed_extEq_intEq_Heat_Change_20260324-2207_noHeat,post_change,balanced_control,heat_off,13.690277777777778,True,sealed,control_challenge,,,,,,,,,,,,control_challenge_support,none,segment belongs to the control/challenge pool and is used to constrain false positives,False,,,,,,,,,,,,,,,,,,,,,,,,,,,,,,,,,,,,,,,,,,,,,,,,,,,,,,,,,,,,,,,,,,,,,,,control_challenge_support,none,segment belongs to the control/challenge pool and is used to constrain false positives,False
120165520_20260324_080048_sealed_extEq_intEq_Heat_Change_20260324-2207_noHeat::pre_change,120165520_20260324_080048_sealed_extEq_intEq_Heat_Change_20260324-2207_noHeat,pre_change,balanced_control,heat_off,14.099444444444444,True,sealed,control_challenge,,,,,,,,,,,,control_challenge_support,none,segment belongs to the control/challenge pool and is used to constrain false positives,False,,,,,,,,,,,,,,,,,,,,,,,,,,,,,,,,,,,,,,,,,,,,,,,,,,,,,,,,,,,,,,,,,,,,,,,control_challenge_support,none,segment belongs to the control/challenge pool and is used to constrain false positives,False
120165524_20260313-080032_unsealed_extHigh_intLow_noHeat_Change_20260313-1001_Heat::post_change,120165524_20260313-080032_unsealed_extHigh_intLow_noHeat_Change_20260313-1001_Heat,post_change,highhum_heated,heat_on,31.029166666666665,True,unsealed,control_challenge,,,,,,,,,,,,control_challenge_support,none,segment belongs to the control/challenge pool and is used to constrain false positives,False,,,,,,,,,,,,,,,,,,,,,,,,,,,,,,,,,,,,,,,,,,,,,,,,,,,,,,,,,,,,,,,,,,,,,,,control_challenge_support,none,segment belongs to the control/challenge pool and is used to constrain false positives,False
120165524_20260314-174006_unsealed_extHigh_intLow_Heat_noChange_na::full,120165524_20260314-174006_unsealed_extHigh_intLow_Heat_noChange_na,full,highhum_heated,full_run,69.33638888888889,True,unsealed,control_challenge,,,,,,,,,,,,control_challenge_support,none,segment belongs to the control/challenge pool and is used to constrain false positives,False,,,,,,,,,,,,,,,,,,,,,,,,,,,,,,,,,,,,,,,,,,,,,,,,,,,,,,,,,,,,,,,,,,,,,,,control_challenge_support,none,segment belongs to the control/challenge pool and is used to constrain false positives,False
120165524_20260317-180258_seal_heated_extHigh_intLow_noHeat_Change_20260317-1830_Heat::post_change,120165524_20260317-180258_seal_heated_extHigh_intLow_noHeat_Change_20260317-1830_Heat,post_change,highhum_heated,heat_on,14.66,True,sealed,control_challenge,,,,,,,,,,,,control_challenge_support,none,segment belongs to the control/challenge pool and is used to constrain false positives,False,,,,,,,,,,,,,,,,,,,,,,,,,,,,,,,,,,,,,,,,,,,,,,,,,,,,,,,,,,,,,,,,,,,,,,,control_challenge_support,none,segment belongs to the control/challenge pool and is used to constrain false positives,False
120165520_20260318-000055_sealed_extEq_intEq_noHeat_Change_20260318-0903_Heat::pre_change,120165520_20260318-000055_sealed_extEq_intEq_noHeat_Change_20260318-0903_Heat,pre_change,balanced_control,heat_on,9.030833333333334,False,sealed,short_context_only,,,,,,,,,,,,short_context_only,none,segment is too short for analyzable segment-level use and only keeps local context,False,,,,,,,,,,,,,,,,,,,,,,,,,,,,,,,,,,,,,,,,,,,,,,,,,,,,,,,,,,,,,,,,,,,,,,,short_context_only,none,segment is too short for analyzable segment-level use and only keeps local context,False
120165520_20260323-120048_unseal_extEq_intLow_Heat_Change_20260323-1545_extHigh::post_change,120165520_20260323-120048_unseal_extEq_intLow_Heat_Change_20260323-1545_extHigh,post_change,highhum_heated,ext_humidity_up,4.3372222222222225,False,unsealed,short_context_only,,,,,,,,,,,,short_context_only,none,segment is too short for analyzable segment-level use and only keeps local context,False,,,,,,,,,,,,,,,,,,,,,,,,,,,,,,,,,,,,,,,,,,,,,,,,,,,,,,,,,,,,,,,,,,,,,,,short_context_only,none,segment is too short for analyzable segment-level use and only keeps local context,False
120165520_20260323-120048_unseal_extEq_intLow_Heat_Change_20260323-1545_extHigh::pre_change,120165520_20260323-120048_unseal_extEq_intLow_Heat_Change_20260323-1545_extHigh,pre_change,other,ext_humidity_up,3.7316666666666665,False,unsealed,short_context_only,,,,,,,,,,,,short_context_only,none,segment is too short for analyzable segment-level use and only keeps local context,False,,,,,,,,,,,,,,,,,,,,,,,,,,,,,,,,,,,,,,,,,,,,,,,,,,,,,,,,,,,,,,,,,,,,,,,short_context_only,none,segment is too short for analyzable segment-level use and only keeps local context,False
120165524_20260303-101220_sealed_extHigh_intLow_Heat_noChange_na::full,120165524_20260303-101220_sealed_extHigh_intLow_Heat_noChange_na,full,highhum_heated,full_run,6.623611111111111,False,sealed,short_context_only,,,,,,,,,,,,short_context_only,none,segment is too short for analyzable segment-level use and only keeps local context,False,,,,,,,,,,,,,,,,,,,,,,,,,,,,,,,,,,,,,,,,,,,,,,,,,,,,,,,,,,,,,,,,,,,,,,,short_context_only,none,segment is too short for analyzable segment-level use and only keeps local context,False
120165524_20260313-080032_unsealed_extHigh_intLow_noHeat_Change_20260313-1001_Heat::pre_change,120165524_20260313-080032_unsealed_extHigh_intLow_noHeat_Change_20260313-1001_Heat,pre_change,mainfield_extHigh_intLow_noHeat,heat_on,2.000277777777778,False,unsealed,short_context_only,,,,,,,,,,,,short_context_only,none,segment is too short for analyzable segment-level use and only keeps local context,False,,,,,,,,,,,,,,,,,,,,,,,,,,,,,,,,,,,,,,,,,,,,,,,,,,,,,,,,,,,,,,,,,,,,,,,short_context_only,none,segment is too short for analyzable segment-level use and only keeps local context,False
120165524_20260317-180258_seal_heated_extHigh_intLow_noHeat_Change_20260317-1830_Heat::pre_change,120165524_20260317-180258_seal_heated_extHigh_intLow_noHeat_Change_20260317-1830_Heat,pre_change,mainfield_extHigh_intLow_noHeat,heat_on,0.3941666666666666,False,sealed,short_context_only,,,,,,,,,,,,short_context_only,none,segment is too short for analyzable segment-level use and only keeps local context,False,,,,,,,,,,,,,,,,,,,,,,,,,,,,,,,,,,,,,,,,,,,,,,,,,,,,,,,,,,,,,,,,,,,,,,,short_context_only,none,segment is too short for analyzable segment-level use and only keeps local context,False
120165524_20260321-170450_unseal_extHigh_intLow_Heat_Change_20260321-1800_noHeat::pre_change,120165524_20260321-170450_unseal_extHigh_intLow_Heat_Change_20260321-1800_noHeat,pre_change,highhum_heated,heat_off,0.9011111111111112,False,unsealed,short_context_only,,,,,,,,,,,,short_context_only,none,segment is too short for analyzable segment-level use and only keeps local context,False,,,,,,,,,,,,,,,,,,,,,,,,,,,,,,,,,,,,,,,,,,,,,,,,,,,,,,,,,,,,,,,,,,,,,,,short_context_only,none,segment is too short for analyzable segment-level use and only keeps local context,False
120165524_20260302 161335_sealed_extHigh_intLow_noHeat_noChange_na::full,120165524_20260302 161335_sealed_extHigh_intLow_noHeat_noChange_na,full,mainfield_extHigh_intLow_noHeat,full_run,17.473333333333333,True,sealed,static_mainfield_primary,,static_negative_reference,confirmed_negative_reference,negative,high,-3.583852123601325,,,0.3333333333333333,1.0,0.6,static_negative_reference_support,none,segment remains a clean static negative reference in the main battlefield,False,6.0,-0.842147335635269,-0.9318242664403916,-0.1697163318373807,-0.9315596876238988,0.0,0.6,1.0,-0.7319282290083148,103.12322503547333,-4.453225531235083,-0.0209649846314832,0.0139398266111187,0.8507330753347451,0.8646549001089048,0.8235294117647058,0.1764705882352941,0.8235294117647058,0.0,0.1764705882352941,72.03988074063221,-0.2847666900646098,0.8371788743266206,-0.3038747387064555,-1.1368899309341955,-0.1836561584484994,72.03988074063221,0.9580396494916908,-0.045348496730808,0.8966079266504431,0.0,0.9579009734631694,-0.6796397671673593,0.7773583037151657,-0.3716755567351332,0.5440242751292826,-0.32128546686915,4.373238084279983,0.0,0.0,0.8370074289597724,-0.6948999046711154,0.9444444444444444,-0.4772834953096311,0.3214284253098647,0.4176665352325345,2.1240000000000023,6.026193808702245,6.775478224968545,-0.0250546863851216,-0.1200227869506297,-4.2121693117821835,-0.1423855639090672,0.8134095038750092,0.0113871626272493,0.0135519696833785,1.4860110050809314,2.136493835698208,3.8195182443894007,0.4232828014392198,0.7847189688056384,1.4025185334594543,1.1645825797710667,health_core,-76.19181305151277,76.679970170794,76.679970170794,152.87178322230676,150.00957403570382,0.2222222222222222,static_negative_reference_support,none,segment remains a clean static negative reference in the main battlefield,False
120165524_20260308-172014_sealed_extHigh_intLow_noHeat_Change_20260310-1000_unsealed::pre_change,120165524_20260308-172014_sealed_extHigh_intLow_noHeat_Change_20260310-1000_unsealed,pre_change,mainfield_extHigh_intLow_noHeat,seal_change_to_unsealed,40.62722222222222,True,sealed,static_mainfield_primary,transition_context,static_negative_reference,confirmed_negative_reference,watch,low,-0.2729094895893207,transition_primary_mainfield,transition_train_eval_primary,0.5,1.0,0.75,static_negative_reference_support,none,segment remains a clean static negative reference in the main battlefield,False,1.0,0.4598188043466959,0.9961408017695436,0.5869158878504399,0.9997494447241336,6.0,1.0,1.0,0.2551053142752803,333.44693251439793,-0.0107317584831427,0.0001692428986778,-0.2245772902003147,0.9975997405935492,0.997520271694472,0.525,0.475,0.525,1.0,0.475,184.6194520371545,0.85884667807587,0.9590493329655008,-0.0769513241236827,0.5067990712911055,0.8114931780507546,184.6194520371545,0.9732523608050296,-0.0020584414143076,0.7258679011041056,0.0,0.9733239810486336,0.5764063718556377,0.1501161314136248,0.0858546815646955,0.8277911715150092,0.629671875556028,4.693039779503025,1.0,1.0,0.960317888747522,0.2667037494849609,0.975609756097561,-0.6353678104932167,,0.5417184734176023,0.7999999999999972,8.336291134469095,8.390999846363211,-0.0028649222164237,-0.0041902629620282,-4.61521897224729,0.0251252535826129,0.2962369203791106,0.0011242092699961,0.0015212419213341,,0.161207475505047,0.3960946540341474,0.1418143599599908,0.0560662925426949,0.1366665020762986,,hard_negative,-5.376896573991209,76.67997017079401,76.67997017079401,11.12191453484943,5.745017960858222,0.23333333333333334,static_negative_reference_support,none,segment remains a clean static negative reference in the main battlefield,False
120165524_20260304-120007_sealed_extHigh_intLow_noHeat_Change_20260304-1639_unsealed::post_change,120165524_20260304-120007_sealed_extHigh_intLow_noHeat_Change_20260304-1639_unsealed,post_change,mainfield_extHigh_intLow_noHeat,seal_change_to_unsealed,40.64361111111111,True,unsealed,static_mainfield_primary,transition_context,static_positive_reference,confirmed_positive_reference,positive,high,2.17268852963471,transition_primary_mainfield,transition_train_eval_primary,0.6666666666666666,1.0,0.4,static_positive_reference_support,high,segment remains a clean static positive reference in the main battlefield,False,0.0,-0.9100181104328396,0.9960731159815612,1.335686274509737,0.9963938273862604,0.0,0.8,1.0,0.7660847111179051,283.270033419704,0.2770429809484653,-0.0016801849911914,0.6160467379627498,0.9830263846295392,0.9858631562910576,0.6829268292682927,0.3170731707317073,0.6829268292682927,1.0,0.3170731707317073,171.51432011025332,0.9164891995621895,0.9761961569216268,0.1478760155851457,1.595874467112246,0.7196395365469873,171.51432011025332,0.9606285203949512,0.0090619572424618,0.6673454503888749,0.0,0.96135249067962,0.9059930037627966,0.0304398512092104,0.0273785362304286,0.1176015774472635,0.1362786760338808,4.386159714887315,1.0,1.0,0.9724865491684604,-0.011410414104141,0.9761904761904762,-0.5537676971731335,0.679191626827748,0.4827035915760118,2.559999999999995,6.907555049009184,7.029460227780661,-0.0035443600321198,0.0547736892239889,-4.1836086208536845,0.0796172698386521,0.9449630772474866,0.001154953146111,0.0014336063324727,,0.2928999027175578,0.6552843363072585,0.3587857676249397,0.104949767178945,0.2356641817221818,,anomaly_reference,3.530060826610048,76.72459592507265,76.72459592507265,3.2654332671301103,6.7954940937401584,0.22950819672131148,static_positive_reference_support,high,segment remains a clean static positive reference in the main battlefield,False
120165524_20260308-172014_sealed_extHigh_intLow_noHeat_Change_20260310-1000_unsealed::post_change,120165524_20260308-172014_sealed_extHigh_intLow_noHeat_Change_20260310-1000_unsealed,post_change,mainfield_extHigh_intLow_noHeat,seal_change_to_unsealed,71.98527777777778,True,unsealed,static_mainfield_primary,transition_context,static_positive_reference,confirmed_positive_reference,positive,high,3.260552755338076,transition_primary_mainfield,transition_train_eval_primary,1.0,0.0,0.4,static_positive_reference_support,high,segment remains a clean static positive reference in the main battlefield,False,0.0,-0.916020728825381,0.9908212391624116,4.80106100795773,0.9936248872887996,0.0,1.0,1.0,-0.9688502213069872,529.8296218486065,0.4484435064896157,0.0032519237533467,2.940124599851468,0.9533354188565744,0.9548777698020856,0.2535211267605634,0.7323943661971831,0.2676056338028169,1.0,0.746031746031746,313.780452215844,-0.8476638955512444,0.9376740009742844,0.2215958694453386,3.1603951718045096,1.8609364081062625,313.780452215844,0.96681061691858,0.0060226831083071,0.6695293290462839,0.0,0.967951951903653,0.7561789094099997,0.4722333223188433,0.0872603908728528,0.429812605353558,0.062029879716896,4.603452845672455,2.0,2.0,0.935860767543122,0.2485853206760824,0.875,-0.6089961053694077,1.0845531334876746,0.5790646134433108,5.072000000000003,7.463171386666523,8.150465928732402,-0.0029720564996772,0.0437960521353796,-4.4183643107676005,0.0885856793772571,1.859859648887262,0.0036500860917103,0.0048122516833002,0.6665005423812306,0.8470928707062146,1.845400365227208,0.3412778484612389,0.3073220990221377,0.6735443915076527,-0.418052591106444,anomaly_reference,6.546318126524227,76.95748287885908,76.95748287885908,3.744398817764191,10.290716944288418,0.5873015873015873,static_positive_reference_support,high,segment remains a clean static positive reference in the main battlefield,False
120165524_20260323-213435_seal_extHigh_intLow_noHeat_Change_20260324-9000_unseal::post_change,120165524_20260323-213435_seal_extHigh_intLow_noHeat_Change_20260324-9000_unseal,post_change,mainfield_extHigh_intLow_noHeat,seal_change_to_unsealed,53.38583333333333,True,unsealed,static_mainfield_primary,transition_context,static_positive_reference,confirmed_positive_reference,positive,high,3.6585099109349697,transition_primary_mainfield,transition_train_eval_primary,0.6666666666666666,0.0,0.6,static_positive_reference_support,high,segment remains a clean static positive reference in the main battlefield,False,2.0,-0.973686487197209,0.962520649088017,4.555696202531986,0.9697905192313496,6.0,1.0,2.0,-0.9489582027990512,229.0615313201655,0.6751575255558766,0.0084554559446037,2.916660784295348,0.8345994269405272,0.8351286569090738,0.2075471698113207,0.7735849056603774,0.2264150943396226,2.0,0.7872340425531915,177.0877999931516,-0.9043149703590558,0.820009424141448,0.3863744199435075,3.627490636704124,1.6390354182366382,177.0877999931516,0.9270438557300884,0.0154094507346829,0.507962004755784,0.8,0.9287314819961,0.6758111065096494,0.4367879154961674,0.0712150633337826,0.4409419772588251,0.0695635063968226,3.776416603526693,1.0,1.0,0.8205201633691354,-0.0543757802746567,0.8703703703703703,-0.4414108690220601,1.0941089277750966,0.7356976236479598,6.086999999999989,4.325550549479134,5.06783043416094,0.0100949145827874,0.096037114446957,-3.3455995902515654,0.1394416358135871,2.226444533556796,0.0089253899060976,0.0105026281849642,0.8297771980742539,1.047940903447662,1.5669833316856678,0.692194961020189,0.3895251514615615,0.5845854517072863,-0.2643317297008427,anomaly_reference,2.544205955031874,74.65136814789764,74.65136814789764,8.17306939460252,10.717275349634392,0.7142857142857143,static_positive_reference_support,high,segment remains a clean static positive reference in the main battlefield,False
120165524_20260303-181049_unsealed_extHigh_intLow_noHeat_noChange_na::full,120165524_20260303-181049_unsealed_extHigh_intLow_noHeat_noChange_na,full,mainfield_extHigh_intLow_noHeat,full_run,15.206944444444444,True,unsealed,static_eval_only,,static_positive_eval_only,review_weak_positive,negative,high,-2.2491051254840846,,,1.0,1.0,0.75,static_supported_weak_positive,medium,raw static baseline stayed weak but multiview support score rose to 1.00,True,0.0,0.8815952481786755,0.9895938484614736,0.4001453716800097,0.994429245680155,0.0,0.0,5.0,-0.945069630114771,92.3714860975466,-3.8953505362475385,-0.0513928863497333,0.2194206364164975,0.8807824294596982,0.9083985896603046,1.0,0.0,1.0,5.0,0.0,60.359867284087514,-0.879902331784556,0.7580463015088971,-0.3398693293083172,0.6159506123075715,0.1807247352635121,60.359867284087514,-0.5175006337222495,-0.0626501669609944,0.797430951163522,0.0,-0.5472368127867813,0.985558253053903,0.9670508147753344,0.4931699029692361,0.9967992359856612,0.4411991571890586,4.223364354999816,3.0,3.0,0.6982023113085194,0.4385432639649507,0.9375,-0.5869613142552988,,0.1770150709562568,1.0079999999999956,6.054388070937857,6.608283569190022,-0.0131722628368863,0.0614816664811597,-3.981157137470487,0.0907935507991394,0.4691021898685808,0.0,0.0,1.0917301526750238,1.6300129868701951,3.118480312734139,0.5620854633788079,0.7629395069599451,1.3864746862380837,,hard_negative,-5.475595361803923,76.53024235507715,76.53024235507715,11.416451798291572,5.940856436487649,0.5409836065573771,static_review_weak_positive_guarded,watch,"weak positive keeps local support but does not pass cross-dataset hard-negative guard; guard=0.54, memory=hard_negative, anomaly_adv=-5.48",True
120165524_20260306-160246_sealed_extHigh_intLow_noHeat_noChange_na::full,120165524_20260306-160246_sealed_extHigh_intLow_noHeat_noChange_na,full,mainfield_extHigh_intLow_noHeat,full_run,42.303333333333335,True,sealed,control_challenge,,static_breathing_watch,watch_breathing,positive,high,2.0427104897468986,,,0.1666666666666666,1.0,0.6,static_watch_breathing_confirmed,watch,raw positive tendency is suppressed by breathing pattern score 1.00 with low support 0.17,True,0.0,-0.6955151089100583,0.9552049799426712,0.4994989287441959,0.9597448166238374,0.0,0.2,1.0,-0.7365437504318073,340.28708703534585,-2.473507676087391,-0.0095537147207441,0.3614805253822792,0.9824514241466928,0.9876630515126156,0.9047619047619048,0.0952380952380952,0.9047619047619048,1.0,0.0952380952380952,197.19119561448383,0.8046049013706081,0.9816369580847274,0.3288841919444207,2.2647777591630813,0.1380184033619166,197.19119561448383,0.7412796341331052,0.0165387365863115,0.8702686370715736,0.0,0.7246604476789773,0.8645664110150036,0.3302199844523346,-0.1089023646878964,0.0351767353884316,0.0713145436301899,5.220085794323703,0.0,0.0,0.9759127066170652,0.3872784560850729,0.9767441860465116,-0.665144383353572,-0.2813783017291689,0.3027590808755177,3.881999999999998,8.085101351874266,8.275724530393864,-0.0030122322041058,0.0992357088447416,-4.690079421753389,0.1123431699952201,1.4699285212365238,0.0004983472505811,0.0005632460175572,,1.772698405307918,4.082763573673848,0.7688796635811652,0.646338382925979,1.4813279712872462,,hard_negative,-0.8332071362963216,73.62302553575374,73.62302553575374,5.777492844035864,4.944285707739542,0.4098360655737705,static_watch_breathing_hardguard,watch,breathing watch is reinforced by tri-memory hard_negative with anomaly_adv -0.83 and suppression 1.00,True
120165524_20260321-170450_unseal_extHigh_intLow_Heat_Change_20260321-1800_noHeat::post_change,120165524_20260321-170450_unseal_extHigh_intLow_Heat_Change_20260321-1800_noHeat,post_change,mainfield_extHigh_intLow_noHeat,heat_off,47.59916666666667,True,unsealed,control_challenge,,static_heatoff_confound_challenge,watch_confound,negative,high,-2.2142873672550953,,,0.3333333333333333,0.8,1.0,static_watch_confound_confirmed,watch,segment matches heat-off confound pattern score 1.00 with low support 0.33,True,1.0,0.8276132260711092,0.9459951146712552,1.30380414831131,0.9638411898559682,4.0,0.0,4.0,-0.981283712076054,252.8716440784118,-8.3207670876946,-0.0637459827953167,0.0001407893618323,0.9963430696020504,0.9970609279899394,0.6521739130434783,0.3260869565217391,0.6739130434782609,4.0,0.3404255319148936,188.9999741964167,-0.9192324819101824,0.988485359587648,-0.6377975429076912,1.4223756131744878,1.3036633589494775,188.9999741964167,0.955810780658805,-0.0316671753763928,0.7761537539239666,1.0,0.9563445921822874,0.731701047722037,0.9321609344257732,0.957089629093517,0.9972344036105942,0.4886937227381634,4.341950996207429,3.0,2.0,0.977008654078894,0.5978801681850034,0.9791666666666666,-0.6371991253666043,2.3724831508328332,0.6544669305840548,2.140000000000001,5.305449633986923,6.007636306476239,0.0073757508268913,0.4712666407432001,-3.9580850459620094,0.0646589005699942,0.9890629335635824,0.0019573305064737,0.0025335956027077,0.8176388323384197,3.8510381183658975,5.818432359606188,0.5756053671035644,2.424231649174965,3.1139538922494285,-1.5548443184944136,hard_negative,-6.7632667614650614,73.51723550459059,73.51723550459059,11.707552469204604,4.944285707739542,0.47619047619047616,static_watch_confound_hardguard,watch,confound watch is reinforced by tri-memory hard_negative with anomaly_adv -6.76 and reject score 1.00,True
120165524_20260304-120007_sealed_extHigh_intLow_noHeat_Change_20260304-1639_unsealed::pre_change,120165524_20260304-120007_sealed_extHigh_intLow_noHeat_Change_20260304-1639_unsealed,pre_change,mainfield_extHigh_intLow_noHeat,seal_change_to_unsealed,4.620555555555556,False,sealed,transition_context,,,,,,,transition_primary_mainfield,transition_train_eval_primary,,,,transition_primary_support,high,segment belongs to a mainfield seal-to-unsealed transition run,True,,,,,,,,,,,,,,,,,,,,,,,,,,,,,,,,,,,,,,,,,,,,,,,,,,,,,,,,,,,,,,,,,,,,,,,transition_primary_support,high,segment belongs to a mainfield seal-to-unsealed transition run,True
120165524_20260323-213435_seal_extHigh_intLow_noHeat_Change_20260324-9000_unseal::pre_change,120165524_20260323-213435_seal_extHigh_intLow_noHeat_Change_20260324-9000_unseal,pre_change,mainfield_extHigh_intLow_noHeat,seal_change_to_unsealed,11.40277777777778,False,sealed,transition_context,,,,,,,transition_primary_mainfield,transition_train_eval_primary,,,,transition_primary_support,high,segment belongs to a mainfield seal-to-unsealed transition run,True,,,,,,,,,,,,,,,,,,,,,,,,,,,,,,,,,,,,,,,,,,,,,,,,,,,,,,,,,,,,,,,,,,,,,,,transition_primary_support,high,segment belongs to a mainfield seal-to-unsealed transition run,True
120165519_20260309-102255_sealed_extLow_intHigh_noHeat_Change_20260310-1000_unsealed::post_change,120165519_20260309-102255_sealed_extLow_intHigh_noHeat_Change_20260310-1000_unsealed,post_change,internal_moisture_control,seal_change_to_unsealed,71.9888888888889,True,unsealed,transition_context,control_challenge,,,,,,transition_secondary_control,transition_challenge_secondary,,,,transition_secondary_control,watch,segment belongs to a seal-change run outside the main battlefield and should stay as a transition challenge,True,,,,,,,,,,,,,,,,,,,,,,,,,,,,,,,,,,,,,,,,,,,,,,,,,,,,,,,,,,,,,,,,,,,,,,,transition_secondary_control,watch,segment belongs to a seal-change run outside the main battlefield and should stay as a transition challenge,True
120165519_20260309-102255_sealed_extLow_intHigh_noHeat_Change_20260310-1000_unsealed::pre_change,120165519_20260309-102255_sealed_extLow_intHigh_noHeat_Change_20260310-1000_unsealed,pre_change,internal_moisture_control,seal_change_to_unsealed,23.61138888888889,True,sealed,transition_context,control_challenge,,,,,,transition_secondary_control,transition_challenge_secondary,,,,transition_secondary_control,watch,segment belongs to a seal-change run outside the main battlefield and should stay as a transition challenge,True,,,,,,,,,,,,,,,,,,,,,,,,,,,,,,,,,,,,,,,,,,,,,,,,,,,,,,,,,,,,,,,,,,,,,,,transition_secondary_control,watch,segment belongs to a seal-change run outside the main battlefield and should stay as a transition challenge,True
120165519_20260313-111811_sealed_extLow_intHigh_Heat_Change_20260315-1500_unsealed::post_change,120165519_20260313-111811_sealed_extLow_intHigh_Heat_Change_20260315-1500_unsealed,post_change,internal_moisture_control,seal_change_to_unsealed,48.00388888888889,True,unsealed,transition_context,control_challenge,,,,,,transition_secondary_control,transition_challenge_secondary,,,,transition_secondary_control,watch,segment belongs to a seal-change run outside the main battlefield and should stay as a transition challenge,True,,,,,,,,,,,,,,,,,,,,,,,,,,,,,,,,,,,,,,,,,,,,,,,,,,,,,,,,,,,,,,,,,,,,,,,transition_secondary_control,watch,segment belongs to a seal-change run outside the main battlefield and should stay as a transition challenge,True
120165519_20260313-111811_sealed_extLow_intHigh_Heat_Change_20260315-1500_unsealed::pre_change,120165519_20260313-111811_sealed_extLow_intHigh_Heat_Change_20260315-1500_unsealed,pre_change,internal_moisture_control,seal_change_to_unsealed,51.681111111111115,True,sealed,transition_context,control_challenge,,,,,,transition_secondary_control,transition_challenge_secondary,,,,transition_secondary_control,watch,segment belongs to a seal-change run outside the main battlefield and should stay as a transition challenge,True,,,,,,,,,,,,,,,,,,,,,,,,,,,,,,,,,,,,,,,,,,,,,,,,,,,,,,,,,,,,,,,,,,,,,,,transition_secondary_control,watch,segment belongs to a seal-change run outside the main battlefield and should stay as a transition challenge,True
120165520_20260310-170038_sealed_extEq_intEq_Heat_Change_20260313-1002_unsealed::post_change,120165520_20260310-170038_sealed_extEq_intEq_Heat_Change_20260313-1002_unsealed,post_change,balanced_control,seal_change_to_unsealed,48.00472222222222,True,unsealed,transition_context,control_challenge,,,,,,transition_secondary_control,transition_challenge_secondary,,,,transition_secondary_control,watch,segment belongs to a seal-change run outside the main battlefield and should stay as a transition challenge,True,,,,,,,,,,,,,,,,,,,,,,,,,,,,,,,,,,,,,,,,,,,,,,,,,,,,,,,,,,,,,,,,,,,,,,,transition_secondary_control,watch,segment belongs to a seal-change run outside the main battlefield and should stay as a transition challenge,True
120165520_20260310-170038_sealed_extEq_intEq_Heat_Change_20260313-1002_unsealed::pre_change,120165520_20260310-170038_sealed_extEq_intEq_Heat_Change_20260313-1002_unsealed,pre_change,balanced_control,seal_change_to_unsealed,65.0188888888889,True,sealed,transition_context,control_challenge,,,,,,transition_secondary_control,transition_challenge_secondary,,,,transition_secondary_control,watch,segment belongs to a seal-change run outside the main battlefield and should stay as a transition challenge,True,,,,,,,,,,,,,,,,,,,,,,,,,,,,,,,,,,,,,,,,,,,,,,,,,,,,,,,,,,,,,,,,,,,,,,,transition_secondary_control,watch,segment belongs to a seal-change run outside the main battlefield and should stay as a transition challenge,True
120165520_20260318-090358_sealed_extEq_intEq_Heat_Change_20260319-1520_unsealed::post_change,120165520_20260318-090358_sealed_extEq_intEq_Heat_Change_20260319-1520_unsealed,post_change,balanced_control,seal_change_to_unsealed,43.41833333333334,True,unsealed,transition_context,control_challenge,,,,,,transition_secondary_control,transition_challenge_secondary,,,,transition_secondary_control,watch,segment belongs to a seal-change run outside the main battlefield and should stay as a transition challenge,True,,,,,,,,,,,,,,,,,,,,,,,,,,,,,,,,,,,,,,,,,,,,,,,,,,,,,,,,,,,,,,,,,,,,,,,transition_secondary_control,watch,segment belongs to a seal-change run outside the main battlefield and should stay as a transition challenge,True
120165520_20260318-090358_sealed_extEq_intEq_Heat_Change_20260319-1520_unsealed::pre_change,120165520_20260318-090358_sealed_extEq_intEq_Heat_Change_20260319-1520_unsealed,pre_change,balanced_control,seal_change_to_unsealed,30.25888888888889,True,sealed,transition_context,control_challenge,,,,,,transition_secondary_control,transition_challenge_secondary,,,,transition_secondary_control,watch,segment belongs to a seal-change run outside the main battlefield and should stay as a transition challenge,True,,,,,,,,,,,,,,,,,,,,,,,,,,,,,,,,,,,,,,,,,,,,,,,,,,,,,,,,,,,,,,,,,,,,,,,transition_secondary_control,watch,segment belongs to a seal-change run outside the main battlefield and should stay as a transition challenge,True
